"name","current_risk","current_at_risk","current_no_risk","date","today","tonight","tomorrow","tomorrow_night"
"Castlegar","Moderate Risk","Consider reducing or rescheduling strenuous activities outdoors if you are experiencing symptoms.","No need to modify your usual outdoor activities unless you experience symptoms such as coughing and throat irritation.","2026-08-05 22:00","6","6","6","6"
"Central Fraser Valley","Moderate Risk","Consider reducing or rescheduling strenuous activities outdoors if you are experiencing symptoms.","No need to modify your usual outdoor activities unless you experience symptoms such as coughing and throat irritation.","2026-08-05 22:00","5","4","3","3"
"Central Okanagan","Moderate Risk","Consider reducing or rescheduling strenuous activities outdoors if you are experiencing symptoms.","No need to modify your usual outdoor activities unless you experience symptoms such as coughing and throat irritation.","2026-08-05 22:00","6","6","6","6"
"Comox Valley","Low Risk","Enjoy your usual outdoor activities.","Ideal air quality for outdoor activities.","2026-08-05 22:00","2","1","1","2"
"Cranbrook","Moderate Risk","Consider reducing or rescheduling strenuous activities outdoors if you are experiencing symptoms.","No need to modify your usual outdoor activities unless you experience symptoms such as coughing and throat irritation.","2026-08-05 22:00","5","5","6","6"
"Duncan","Low Risk","Enjoy your usual outdoor activities.","Ideal air quality for outdoor activities.","2026-08-05 22:00","3","3","3","3"
"Eastern Fraser Valley","High Risk","Reduce or reschedule strenuous activities outdoors. Children and the elderly should also take it easy.","Consider reducing or rescheduling strenuous activities outdoors if you experience symptoms such as coughing and throat irritation.","2026-08-05 22:00","10","7","4","3"
"Fort St John","Low Risk","Enjoy your usual outdoor activities.","Ideal air quality for outdoor activities.","2026-08-05 22:00","2","2","2","2"
"Kamloops","High Risk","Reduce or reschedule strenuous activities outdoors. Children and the elderly should also take it easy.","Consider reducing or rescheduling strenuous activities outdoors if you experience symptoms such as coughing and throat irritation.","2026-08-05 22:00","10","6","6","6"
"Kitimat","Low Risk","Enjoy your usual outdoor activities.","Ideal air quality for outdoor activities.","2026-08-05 22:00","1","1","1","1"
"Coquitlam, Ridge-Meadows","Moderate Risk","Consider reducing or rescheduling strenuous activities outdoors if you are experiencing symptoms.","No need to modify your usual outdoor activities unless you experience symptoms such as coughing and throat irritation.","2026-08-05 22:00","4","4","3","3"
"Vancouver, Burnaby, North Shore & New West.","Low Risk","Enjoy your usual outdoor activities.","Ideal air quality for outdoor activities.","2026-08-05 22:00","3","4","3","3"
"Surrey & Langley","Low Risk","Enjoy your usual outdoor activities.","Ideal air quality for outdoor activities.","2026-08-05 22:00","3","4","3","3"
"Richmond, Delta & Tsawwassen","Low Risk","Enjoy your usual outdoor activities.","Ideal air quality for outdoor activities.","2026-08-05 22:00","2","3","3","3"
"Nanaimo","Low Risk","Enjoy your usual outdoor activities.","Ideal air quality for outdoor activities.","2026-08-05 22:00","2","3","3","3"
"North Okanagan","Very High Risk","Avoid strenuous activities outdoors. Children and the elderly should also avoid outdoor physical exertion.","Reduce or reschedule strenuous activities outdoors especially if you experience symptoms such as coughing and throat irritation.","2026-08-05 22:00","10+","6","6","6"
"Prince George","Low Risk","Enjoy your usual outdoor activities.","Ideal air quality for outdoor activities.","2026-08-05 22:00","2","3","3","3"
"Quesnel","Low Risk","Enjoy your usual outdoor activities.","Ideal air quality for outdoor activities.","2026-08-05 22:00","1","3","3","3"
"Smithers","Low Risk","Enjoy your usual outdoor activities.","Ideal air quality for outdoor activities.","2026-08-05 22:00","1","2","2","2"
"South Okanagan","Very High Risk","Avoid strenuous activities outdoors. Children and the elderly should also avoid outdoor physical exertion.","Reduce or reschedule strenuous activities outdoors especially if you experience symptoms such as coughing and throat irritation.","2026-08-05 22:00","10+","6","6","6"
"Sparwood","Moderate Risk","Consider reducing or rescheduling strenuous activities outdoors if you are experiencing symptoms.","No need to modify your usual outdoor activities unless you experience symptoms such as coughing and throat irritation.","2026-08-05 22:00","4","5","5","6"
"Squamish","Moderate Risk","Consider reducing or rescheduling strenuous activities outdoors if you are experiencing symptoms.","No need to modify your usual outdoor activities unless you experience symptoms such as coughing and throat irritation.","2026-08-05 22:00","4","5","2","3"
"Terrace","Low Risk","Enjoy your usual outdoor activities.","Ideal air quality for outdoor activities.","2026-08-05 22:00","1","1","1","1"
"Victoria","Moderate Risk","Consider reducing or rescheduling strenuous activities outdoors if you are experiencing symptoms.","No need to modify your usual outdoor activities unless you experience symptoms such as coughing and throat irritation.","2026-08-05 22:00","5","3","3","3"
"West Shore","Low Risk","Enjoy your usual outdoor activities.","Ideal air quality for outdoor activities.","2026-08-05 22:00","3","3","3","3"
"Whistler","Moderate Risk","Consider reducing or rescheduling strenuous activities outdoors if you are experiencing symptoms.","No need to modify your usual outdoor activities unless you experience symptoms such as coughing and throat irritation.","2026-08-05 22:00","4","5","2","2"
"Williams Lake","Moderate Risk","Consider reducing or rescheduling strenuous activities outdoors if you are experiencing symptoms.","No need to modify your usual outdoor activities unless you experience symptoms such as coughing and throat irritation.","2026-08-05 22:00","5","5","5","5"
"",,,,,,,,